<navigation threaded="true" section="Resin : CMP : " comment="true">
  <item title="CMP" link="index.xtp">
    <item title="User's Guide" link="usersguide.xtp">
      <item link="misconceptions.xtp" title="EJB Misconceptions"/>
      <item link="relations.xtp" title="CMP Relations Catalog"/>
      <item link="performance.xtp" title="CMP Performance"/>
    </item>

    <item title="Reference" link="ref.xtp">
      <item link="ejb-server.xtp" title="EJBServer"/>
      <item link="resin-ejb-config.xtp" title="EJB Config"/>
      <item link="ejbql.xtp" title="EJB-QL Syntax"/>
      <item link="xdoclet.xtp" title="Xdoclet tags"/>
    </item>

    <item title="Tutorials" link="tutorial/index.xtp" atoc-descend='1'/>

    <item title="Scrapbook" link="scrapbook.xtp"/>
  </item>
</navigation>
