<navigation threaded="true" section="Resin : Protocols : " comment="true">
  <item title="Protocols" link="index.xtp">
    <item link="hessian.xtp" title="Hessian"/>
    <item link="hessian-messaging.xtp" title="Hessian Messaging"/>
    <item link="hessian-1.0-spec.xtp" title="Hessian 1.0 spec"/>
    <item link="hessian-2.0-spec.xtp" title="Hessian 2.0 draft spec"/>
    <item link="java-binding-draft-spec.xtp" title="Java Binding"/>
    <item link="burlap.xtp" title="Burlap"/>
    <item link="burlap-1.0-spec.xtp" title="Burlap 1.0 Spec"/>
    <item link="burlap-notes.xtp" title="Burlap Design Notes"/>

    <item title='Tutorials' link="tutorial/index.xtp" atoc-descend='1'/>
  </item>
</navigation>
