<navigation threaded="true" section="Resin : EJB Clients : " comment="true">
  <item title="EJB Clients" link="index.xtp">
    <!--
    <item title="Introduction" link="intro.xtp">
    </item>

    <item title="Configuration" link="config.xtp">
    </item>
    -->

    <item title="User's Guide" link="usersguide.xtp">
      <item link="burlap.xtp" title="Burlap Clients"/>
      <item link="hessian.xtp" title="Hessian Clients"/>
      <item link="corba.xtp" title="CORBA Clients"/>
    </item>

    <!--
    <item title="Reference" link="ref.xtp">
    </item>

    <item title="Tutorials" link="tutorials.xtp">
    </item>

    <item title="Articles" link="articles.xtp">
    </item>

    <item title="Code Library" link="codelibrary.xtp">
    </item>

    <item title="Recommended Resources" link="recommended.xtp">
    </item>

    <item title="Related Topics" link="related.xtp">
    </item>

    -->
  </item>
</navigation>
