<navigation threaded="true" section="Resin : Features : " comment="true">
  <item title="Features" link="index.xtp">

    <item link="overview.xtp" title="Feature Overview"/>

    <item link="release-notes.xtp" title="Release Notes">
      <item link="resin-3.0.24.xtp" title="Resin 3.0.24"/>
      <item link="resin-3.0.23.xtp" title="Resin 3.0.23"/>
      <item link="resin-3.0.22.xtp" title="Resin 3.0.22"/>
      <item link="resin-3.0.21.xtp" title="Resin 3.0.21"/>
      <item link="resin-3.0.20.xtp" title="Resin 3.0.20"/>
      <item link="release-notes-archive.xtp" title="Archive">
        <item link="resin-3.0.19.xtp" title="Resin 3.0.19"/>
        <item link="resin-3.0.18.xtp" title="Resin 3.0.18"/>
        <item link="resin-3.0.17.xtp" title="Resin 3.0.17"/>
        <item link="resin-3.0.16.xtp" title="Resin 3.0.16"/>
        <item link="resin-3.0.15.xtp" title="Resin 3.0.15"/>
        <item link="resin-3.0.14.xtp" title="Resin 3.0.14"/>
        <item link="resin-3.0.13.xtp" title="Resin 3.0.13"/>
        <item link="resin-3.0.12.xtp" title="Resin 3.0.12"/>
        <item link="resin-3.0.11.xtp" title="Resin 3.0.11"/>
        <item link="resin-3.0.10.xtp" title="Resin 3.0.10"/>
        <item link="resin-3.0.9.xtp" title="Resin 3.0.9"/>
        <item link="resin-3.0.8.xtp" title="Resin 3.0.8"/>
        <item link="resin-3.0.7.xtp" title="Resin 3.0.7"/>
        <item link="resin-3.0.6.xtp" title="Resin 3.0.6"/>
        <item link="resin-3.0.5.xtp" title="Resin 3.0.5"/>
        <item link="resin-3.0.4.xtp" title="Resin 3.0.4"/>
        <item link="resin-3.0.3.xtp" title="Resin 3.0.3"/>
        <item link="resin-3.0.2.xtp" title="Resin 3.0.2"/>
        <item link="resin-3.0.1.xtp" title="Resin 3.0.1"/>
        <item link="resin-3.0.0.xtp" title="Resin 3.0.0"/>
      </item>
    </item>

    <item link="change-logs.xtp" title="Change Logs">
      <item link="changes.xtp" title="Resin Changes"/>
      <item link="changes-2.xtp" title="Resin-2.1 Changes"/>
      <item link="changes-ee.xtp" title="Resin-EE Changes"/>
      <item link="changes-1.xtp" title="Old Changes"/>
    </item>

    <item link="migrate.xtp" title="Migrate from 2.1"/>

    <!--
    <item link="benchmarks.xtp" title="Benchmarks">
      <item link="jsp-benchmark.xtp" title="JSP Benchmark"/>
      <item link="xslt-benchmark.xtp" title="XSLT Benchmark"/>
      <item link="jspvsperlphp.xtp" title="JSP vs mod_php and mod_perl"/>
    </item>
    -->

    <item link="faq.xtp" title="Features FAQ" atoc-descend='1'/>

  </item>
</navigation>
