<ignore>

  <!-- possibly useful? -->
  <resin-2.0>$resin/ref/trouble.xtp</resin-2.0>

  <!-- outdated, use jstl -->
  <resin-2.0>$java_tut/tag-xsl.xtp</resin-2.0>
  <resin-2.0>$java_tut/tag-connectionAbstract.xtp</resin-2.0>

  <!-- deemphasize xslt-lite -->
  <resin-2.0>xtp-jsp-stylescript.xtp</resin-2.0>

  <!-- DEAD CODE -->
  <resin-2.0>$java_tut/cache.xtp</resin-2.0>
  <resin-2.0>$java_tut/linux-init.xtp</resin-2.0>
  <resin-2.0>$java_tut/war-dir.xtp</resin-2.0>

  <resin-2.0>$resin/ref/jspapp.xtp</resin-2.0>
  <resin-2.0>$resin/ref/page_context.xtp</resin-2.0>
  <resin-2.0>$resin/ref/contents.xtp</resin-2.0>
  <resin-2.0>$resin/ref/servlet.xtp</resin-2.0>
  <resin-2.0>$resin/ref/filter.xtp</resin-2.0>
  <resin-2.0>$resin/ref/servlet.xtp</resin-2.0>
  <resin-2.0>$resin/ref/servletcontext.xtp</resin-2.0>

  <resin-2.0>$resin/ref/raw-socket.xtp</resin-2.0>
  <resin-2.0>$resin/ref/macos-x.xtp</resin-2.0>
  <resin-2.0>$resin/ref/bnf.xtp</resin-2.0>
  <resin-2.0>$resin/ref/war-dir.xtp</resin-2.0>
  <resin-2.0>$resin/ref/static.xtp</resin-2.0>
  <resin-2.0>$resin/ref/filesystems.xtp</resin-2.0>
  <resin-2.0>$resin/ref/ssl.xtp</resin-2.0>
  <resin-2.0>$resin/ref/ssl-quick.xml</resin-2.0>
  <resin-2.0>$resin/ref/visual-age.xtp</resin-2.0>
  <resin-2.0>$resin/ref/srun-other.xtp</resin-2.0>

  <!-- old names for XTP -->
  <resin-2.0>$resin/ref/jtp.xtp</resin-2.0>
  <resin-2.0>$resin/ref/atp.xtp</resin-2.0>

  <resin-2.0>$resin-ee/ejb-ref/burlap-draft-v4.xtp</resin-2.0>
  <resin-2.0>$resin-ee/ejb-ref/jms.xtp</resin-2.0>

  <!-- duplicate, although some info in here may be useful -->
  <resin-2.0>$resin-ee/ejb-ref/ejb-jndi.xtp</resin-2.0>

  <!-- were older versions of ejb-server.xtp -->
  <resin-2.0>$resin-ee/ejb-ref/ejb-service.xtp</resin-2.0>
  <resin-2.0>$resin-ee/ejb-ref/ejb-servlet.xtp</resin-2.0>

  <resin-2.0>$resin-ee/ejb-ref/sml-rpc.xtp</resin-2.0>
  <resin-2.0>$resin-ee/ejb-ref/sml-rpc-hello.xtp</resin-2.0>

  <resin-2.0>$resin-ee/ejb-tut/cmp-id.xtp</resin-2.0>
  <resin-2.0>$resin-ee/ejb-tut/cmp-students.xtp</resin-2.0>
  <resin-2.0>$resin-ee/ejb-tut/cmp-houses.xtp</resin-2.0>
  <resin-2.0>$resin-ee/ejb-tut/resin-cmp-intro.xtp</resin-2.0>
  <resin-2.0>$resin-ee/ejb-tut/performance.xtp</resin-2.0>

  <resin-2.0>$article/resin_js.xtp</resin-2.0>
  <resin-2.0>$article/990129.xtp.xtp</resin-2.0> <!-- js to bytecodes -->
  <resin-2.0>$article/990115.xtp</resin-2.0> <!-- script centered -->
  <resin-2.0>$article/990226a.xtp</resin-2.0> <!-- jtp -->
  <resin-2.0>$article/benchmark_old.xtp</resin-2.0>
  <resin-2.0>$article/jtl_tutorial.xtp</resin-2.0> <!-- jtp -->
  <resin-2.0>$article/index.xtp</resin-2.0>
  <resin-2.0>$article/jtp_tutorial.xtp</resin-2.0>
  <resin-2.0>$article/990226.xtp</resin-2.0> <!-- jtp -->
  <resin-2.0>$article/jsp_benchmarks.xtp</resin-2.0> <!-- old -->
  <resin-2.0>$article/resin_overview.xtp</resin-2.0> <!-- old -->

  <redir id="config/balance.xtp">$article/balance.xtp</redir>
  <redir id="ejb/tutorial/ejb-session-hello/doc.xtp">$resin-ee/ejb-tut/ejb-hello-client.xtp</redir>
  <redir id="ejb/tutorial/ejb-session-hello/doc.xtp">$resin-ee/ejb-tut/ejb-hello-config.xtp</redir>

  <redir id="protocols/tutorial/burlap-hello/doc.xtp">$resin-ee/ejb-tut/burlap-hello.xtp</redir>
</ignore>

