<navigation threaded="true" section="Resin : Installation : " comment="true">
  <item title="Installation" link="index.xtp">
    <item link="install.xtp" title="Quick Start">
      <title>Quick Start</title>
    </item>
    <item link="httpd.xtp" title="Standalone Web Server"/>
    <item link="cse-apache.xtp" title="Apache">
      <description>Configuration for Resin with Apache</description>
    </item>
    <item link="cse-iis.xtp" title="IIS">
      <description>Configuration for Resin with IIS</description>
    </item>
    <item title="Details" link="details.xtp">
      <item link="plugin-dispatch.xtp" title="Plugin Dispatch"/>
      <item link="linux-boot.xtp" title="Linux Boot"/>
    </item>
    <item title="FAQ" link="faq.xtp" atoc-descend="true"/>
    <item title="Scrapbook" link="scrapbook.xtp" atoc-descend="true"/>
  </item>
</navigation>
