<navigation threaded="true" section="Resin : XML and XSLT : " comment="true">
  <item title="XML and XSLT" link="index.xtp">
    <item title="Introduction" link="intro.xtp">
    </item>

    <item title="JAXP" link="jaxp.xtp"/>

    <item title="User's Guide" link="usersguide.xtp">
        <item link="xpath.xtp" title="XML Path Language (XPath)"/>
        <item link="xslt-lite-eg.xtp" title="XSLT-lite examples"/>
        <item link="xslt-filter.xtp" title="XSLT Filter"/>
    </item>

    <item title="Reference" link="ref.xtp">
      <item link="xslt-fun.xtp" title="XSLT"/>
      <item link="xslt-lite-fun.xtp" title="XSLT-lite Syntax"/>
      <item link="xpath-fun.xtp" title="XPath Functions"/>
    </item>

    <item title="FAQ" link="faq.xtp" atoc-descend="yes">
    </item>
    <item title="Scrapbook" link="scrapbook.xtp">
    </item>

  </item>
</navigation>
