<server xmlns="http://caucho.com/ns/resin"
        xmlns:resin="http://caucho.com/ns/resin/core">

  <host-default>
    <web-app id="/resin-admin" document-directory="${resinHome}/php/admin">

      <authenticator jndi-name="caucho/admin/auth">
        <type>com.caucho.server.security.XmlAuthenticator</type>
        <init path="${serverRoot}/conf/password.xml"/>
      </authenticator>

      <login-config auth-method="DIGEST"
        authenticator="${jndi:lookup('caucho/admin/auth')}"/>

      <servlet servlet-name="resin-php"
               servlet-class="com.caucho.quercus.servlet.QuercusServlet">
      </servlet>

      <servlet-mapping url-pattern="*.php" servlet-name="resin-php"/>

      <security-constraint>
        <web-resource-collection>
          <url-pattern>/login.php</url-pattern>
        </web-resource-collection>
    
        <auth-constraint role-name='*'/>
      </security-constraint>

      <servlet servlet-name='remote'
               servlet-class='com.caucho.hessian.server.HessianServlet'>
        <init>
          <service resin:type="com.caucho.services.jmx.JMXService">
            <mbean-server>${jndi:lookup("jmx/MBeanServer")}</mbean-server>
          </service>
         </init>
      </servlet>

      <servlet-mapping url-pattern='/remote' servlet-name='remote'/>

      <security-constraint>
        <web-resource-collection>
          <url-pattern>/remote</url-pattern>
        </web-resource-collection>
    
        <auth-constraint role-name='*'/>
      </security-constraint>

    </web-app>
  </host-default>

</server>
