<navigation threaded="true" section="Resin : XTP : " comment="true">
  <item title="XTP" link="index.xtp">
    <item title="Introduction" link="intro.xtp">
    </item>

    <item title="User's Guide" link="usersguide.xtp">
      <item link="howitworks.xtp" title="How it works"/>
      <item link="copy.xtp" title="XTP Copy"/>
      <item link="format.xtp" title="Formatting"/>
      <item link="rewritelinks.xtp" title="Link Rewriting"/>
      <item link="jsp-taglib.xtp" title="JSP tag libraries"/>
    </item>

    <item title="Reference" link="ref.xtp">
      <item link="stylescript.xtp" title="StyleScript"/>
      <item link="taglib.xtp" title="Tag Libraries"/>
      <item link="templates.xtp" title="Templates"/>
    </item>

    <item title="Tutorials" link="tutorial/index.xtp" atoc-descend='1'/>

  </item>
</navigation>
