<navigation threaded="true" section="Resin : Portlets : Tutorial" comment="true">
  <item title="Tutorials" link="index.xtp">
    <item link="basic.xtp" title="Basic">
      <item link="basic-hello/index.xtp" title="Hello World"/>
      <item link="basic-render/index.xtp" title="Render Parameters"/>
      <item link="basic-action/index.xtp" title="Action"/>
      <item link="basic-modes/index.xtp" title="Modes"/>
      <item link="basic-jsp/index.xtp" title="JSP"/>
      <!--
      <item link="basic-windows/index.xtp" title="Windows"/>
      <item link="basic-preferences/index.xtp" title="Preferences"/>
      <item link="basic-resourceBundle/index.xtp" title="ResourceBundle"/>
      -->
    </item>

    <!--
    <item link="mvc" title="Portlets for MVC"/>
    -->

    <!--
    <item link="portal.xtp" title="Caucho Portal">
      <item link="portal-hello/index.xtp" title="Hello World Portlet"/>
    </item>
    -->

  </item>
</navigation>
