<web-app xmlns="http://caucho.com/ns/resin">
  <servlet servlet-name="resin-php"
           servlet-class="com.caucho.quercus.servlet.QuercusServlet" />

  <servlet-mapping url-pattern="*.php" servlet-name="resin-php" />

  <!--
     - JMS
    -->
  <resource jndi-name="jms/ConnectionFactory"
    type='com.caucho.jms.ConnectionFactoryImpl' />

  <resource jndi-name="jms/AdQueue"
    type='com.caucho.jms.memory.MemoryQueue' />

  <resource jndi-name="jms/ControlQueue"
    type='com.caucho.jms.memory.MemoryQueue' />

  <!--
     - EJB SERVER
     - see also message.ejb
    -->
  <ejb-server config-directory="WEB-INF">
    <jms-connection-factory>jms/ConnectionFactory</jms-connection-factory>
  </ejb-server>
</web-app>
