<!DOCTYPE book [

<!-- Configuration -->
<!ENTITY config-resin SYSTEM "../../doc/config/resin.xtp">
<!ENTITY config-env SYSTEM "../../doc/config/env.xtp">
<!ENTITY config-webapp SYSTEM "../../doc/config/webapp.xtp">
<!ENTITY config-log SYSTEM "../../doc/config/log.xtp">
<!ENTITY config-control SYSTEM "../../doc/config/control.xtp">
<!ENTITY config-init SYSTEM "../../doc/config/init.xtp">

<!-- Configuration/Common Tasks -->
<!ENTITY config-virtual SYSTEM "../../doc/config/virtual-host.xtp">
<!ENTITY config-balance SYSTEM "../../doc/config/balance.xtp">
<!ENTITY config-sessions SYSTEM "../../doc/config/sessions.xtp">
<!ENTITY config-tcp SYSTEM "../../doc/config/tcp-sessions.xtp">
<!ENTITY config-tuning SYSTEM "../../doc/config/tuning.xtp">
<!ENTITY config-isp SYSTEM "../../doc/config/isp.xtp">

<!-- JSP -->
<!ENTITY jsp-intro SYSTEM "../../doc/jsp/intro.xtp">
<!ENTITY jsp-el SYSTEM "../../doc/jsp/el.xtp">
<!ENTITY jsp-directives SYSTEM "../../doc/jsp/directives.xtp">
<!ENTITY jsp-variables SYSTEM "../../doc/jsp/variables.xtp">
<!ENTITY jsp-actions SYSTEM "../../doc/jsp/actions.xtp">
<!ENTITY jsp-applications SYSTEM "../../doc/jsp/applications.xtp">
<!ENTITY jsp-velocity SYSTEM "../../doc/jsp/velocity.xtp">

<!-- Servlet -->
<!ENTITY servlet-intro SYSTEM "../../doc/servlet/servlet.xtp">
<!ENTITY servlet-filter SYSTEM "../../doc/servlet/filter.xtp">
<!ENTITY servlet-servlet-library SYSTEM "../../doc/servlet/servlet-library.xtp">
<!ENTITY servlet-webdav SYSTEM "../../doc/servlet/webdav.xtp">
<!ENTITY servlet-filter-library SYSTEM "../../doc/servlet/filter-library.xtp">

<!-- Databases -->
<!ENTITY db-config SYSTEM "../../doc/db/config.xtp">
<!ENTITY db-thirdparty SYSTEM "../../doc/db/thirdparty.xtp">

<!-- Security -->
<!ENTITY security-authentication SYSTEM "../../doc/security/authentication.xtp">
<!ENTITY security-digest SYSTEM "../../doc/security/digest.xtp">
<!ENTITY security-authorization SYSTEM "../../doc/security/authorization.xtp">
<!ENTITY security-securitymanager SYSTEM "../../doc/security/securitymanager.xtp">
<!ENTITY security-malicious SYSTEM "../../doc/security/malicious.xtp">
    
<!-- XML and XSLT -->
<!ENTITY xml-intro SYSTEM "../../doc/xml/intro.xtp">
<!ENTITY xml-xpath SYSTEM "../../doc/xml/xpath.xtp">
<!ENTITY xml-xslt-lite-eg SYSTEM "../../doc/xml/xslt-lite-eg.xtp">
<!ENTITY xml-xslt-filter SYSTEM "../../doc/xml/xslt-filter.xtp">
<!ENTITY xml-xslt-fun SYSTEM "../../doc/xml/xslt-fun.xtp">
<!ENTITY xml-xslt-lite-fun SYSTEM "../../doc/xml/xslt-lite-fun.xtp">
<!ENTITY xml-xpath-fun SYSTEM "../../doc/xml/xpath-fun.xtp">


<!-- XTP -->
<!ENTITY xtp-intro SYSTEM "../../doc/xtp/intro.xtp">
<!ENTITY xtp-copy SYSTEM "../../doc/xtp/copy.xtp">
<!ENTITY xtp-format SYSTEM "../../doc/xtp/format.xtp">
<!ENTITY xtp-rewritelinks SYSTEM "../../doc/xtp/rewritelinks.xtp">
<!ENTITY xtp-jsp-taglib SYSTEM "../../doc/xtp/jsp-taglib.xtp">
<!ENTITY xtp-stylescript SYSTEM "../../doc/xtp/stylescript.xtp">
<!ENTITY xtp-taglib SYSTEM "../../doc/xtp/taglib.xtp">
<!ENTITY xtp-templates SYSTEM "../../doc/xtp/templates.xtp">
    
<!-- Resources -->
<!ENTITY resource-cron SYSTEM "../../doc/resource/cron.xtp">
<!ENTITY resource-rmi SYSTEM "../../doc/resource/rmi.xtp">

<!-- Amber -->
<!ENTITY amber-intro SYSTEM "../../doc/amber/amber.xtp">
<!ENTITY amber-lifecycle SYSTEM "../../doc/amber/lifecycle.xtp">

<!-- Performance -->
<!ENTITY performance-caching SYSTEM "../../doc/performance/caching.xtp">
<!ENTITY performance-jvm-tuning SYSTEM "../../doc/performance/jvm-tuning.xtp">

<!-- Troubleshooting -->
<!ENTITY troubleshoot-technique SYSTEM "../../doc/troubleshoot/technique.xtp">
<!ENTITY troubleshoot-symptoms SYSTEM "../../doc/troubleshoot/symptoms.xtp">

<!-- FAQ -->
<!ENTITY faq-config SYSTEM "../../doc/config/faq.xtp">
<!ENTITY faq-install SYSTEM "../../doc/install/faq.xtp">
<!ENTITY faq-webapp SYSTEM "../../doc/webapp/faq.xtp">
<!ENTITY faq-performance SYSTEM "../../doc/performance/faq.xtp">
<!ENTITY faq-security SYSTEM "../../doc/security/faq.xtp">
<!ENTITY faq-resource SYSTEM "../../doc/resource/faq.xtp">
<!ENTITY faq-jsp SYSTEM "../../doc/jsp/faq.xtp">
<!ENTITY faq-servlet SYSTEM "../../doc/servlet/faq.xtp">
<!ENTITY faq-xml SYSTEM "../../doc/xml/faq.xtp">

]>

<book title="Resin @VERSION@ Reference" toc-depth="2">

<chapter title="Configuration">
&config-resin;
&config-env;
&config-webapp;
&config-log;
&config-control;
&config-init;

&config-virtual;
&config-balance;
&config-sessions;
&config-tcp;
&config-tuning;
&config-isp;
</chapter>


<chapter title="Servlets and Filters">
&servlet-intro;
&servlet-filter;
&servlet-servlet-library;
&servlet-webdav;
&servlet-filter-library;
</chapter>

<chapter title="Databases">
&db-config;
&db-thirdparty;
</chapter>

<chapter title="Security">
&security-authentication;
&security-digest;
&security-authorization;
&security-securitymanager;
&security-malicious;
</chapter>

<chapter title="XML and XSLT">
&xml-intro;
&xml-xpath;
&xml-xslt-lite-eg;
&xml-xslt-filter;
&xml-xslt-fun;
&xml-xslt-lite-fun;
&xml-xpath-fun;
</chapter>

<chapter title="XTP">
&xtp-intro;
&xtp-copy;
&xtp-format;
&xtp-rewritelinks;
&xtp-jsp-taglib;
&xtp-stylescript;
&xtp-taglib;
&xtp-templates;
</chapter>

<chapter title="Resources">
&resource-cron;
&resource-rmi;
</chapter>

<chapter title="Amber">
&amber-intro;
&amber-lifecycle;
</chapter>

<chapter title="Performance">
&performance-caching;
&performance-jvm-tuning;
</chapter>

<chapter title="Troubleshooting">
&troubleshoot-technique;
&troubleshoot-symptoms;
</chapter>

<chapter title="FAQ">
&faq-features;
&faq-config;
&faq-install;
&faq-webapp;
&faq-performance;
&faq-security;
&faq-resource;
&faq-jsp;
&faq-servlet;
&faq-xml;

</chapter>

</book>
