<navigation threaded='true' section='Resin : JSP : ' comment='true'>

  <item link='index.xtp' title='JSP'>
    <item link='intro.xtp' title='Introduction'/>

    <!-- 
    <item link='usersguide.xtp' title="User's Guide">
    </item>
    -->

    <item title='JSP Compilation' link='compile.xtp'/>

    <item title='Reference' link='ref.xtp'>
      <item link='el.xtp' title='JSP EL'/>
      <item link='jstl.xtp' title='JSTL'/>
      <item link='directives.xtp' title='Directives'/>
      <item link='variables.xtp' title='Variables'/>
      <item link='actions.xtp' title='Actions'/>
      <item link='applications.xtp' title='Applications'/>
      <item link='velocity.xtp' title='Velocity'/>
      <item link="tld-schema.xtp" title="Schema for JSP-2.0 .tld files"/>
    </item>

    <item title='Tutorials' link="tutorial/index.xtp" atoc-descend='2'/>

    <item link='articles.xtp' title="Articles">
        <item link="templates.xtp" title='JSP Templates'/>
    </item>

    <item title="FAQ" link="faq.xtp" atoc-descend='2'/>

    <!-- empty right now
    <item title="Scrapbook" link="scrapbook.xtp"/>
    -->
    <!--
    <item link='' title="Recommended Resources">
    </item>
    -->

    <!--
    <item title='Related Topics'>
      <item title="Servlets" link="../servlet/">
        <header>
          <description>
            Since JSP pages become Servlets, information that is relevent to JSP
            programming is found in documentation about Java Servlets.
          </description>
        </header>
      </item>
        
      <item title="XTP" link="../xtp/">
        <header>
          <description>
            XTP is a powerful Resin feature which allows for pre-processing of source files to create JSP.
          </description>
        </header>
      </item>
          

      <item title="Performance">
        <header>
          <description>
            Caching infrequently changing pages improves the performance of JSP.
          </description>
        </header>
      </item>
    </item>
    -->
  </item>
</navigation>
